{
    "epochs": [
        0,
        1,
        2,
        3
    ],
    "losess": [
        1.7601561503135892,
        1.1225621641515948,
        1.123253504526339,
        1.0635869955967336
    ],
    "best_val": 1.0790744328353759,
    "best_test": 1.0635869955967336,
    "best_epoch": 3
}